,page_links
0,http://kenesh.kg/ru/article/show/11579/zakonoproekti-rassmotrennie-21-dekabrya-2023-goda-i-vnesennie-na-golosovanie
1,http://kenesh.kg/ru/article/show/11578/zakonoproekti-rassmotrennie-20-dekabrya-2023-goda-i-vnesennie-na-golosovanie
2,http://kenesh.kg/ru/article/show/11546/zakonoproekti-rassmotrennie-14-dekabrya-2023-goda-i-vnesennie-na-golosovanie
3,http://kenesh.kg/ru/article/show/11545/zakonoproekti-rassmotrennie-13-dekabrya-2023-goda-i-vnesennie-na-golosovanie
4,http://kenesh.kg/ru/article/show/11496/zakonoproekti-rassmotrennie-7-dekabrya-2023-goda-i-vnesennie-na-golosovanie
5,http://kenesh.kg/ru/article/show/11495/zakonoproekti-rassmotrennie-6-dekabrya-2023-goda-i-vnesennie-na-golosovanie
6,http://kenesh.kg/ru/article/show/11435/zakonoproekti-rassmotrennie-30-noyabrya-2023-goda-i-vnesennie-na-golosovanie
7,http://kenesh.kg/ru/article/show/11434/zakonoproekti-rassmotrennie-29-noyabrya-2023-goda-i-vnesennie-na-golosovanie
8,http://kenesh.kg/ru/article/show/11421/zakonoproekti-rassmotrennie-23-noyabrya-2023-goda-i-vnesennie-na-golosovanie
9,http://kenesh.kg/ru/article/show/11420/zakonoproekti-rassmotrennie-22-noyabrya-2023-goda-i-vnesennie-na-golosovanie
10,http://kenesh.kg/ru/article/show/11375/zakonoproekti-rassmotrennie-15-noyabrya-2023-goda-i-vnesennie-na-golosovanie
11,http://kenesh.kg/ru/article/show/11332/zakonoproekti-rassmotrennie-2-noyabrya-2023-goda-i-vnesennie-na-golosovanie
12,http://kenesh.kg/ru/article/show/11330/zakonoproekti-rassmotrennie-1-noyabrya-2023-goda-i-vnesennie-na-golosovanie
13,http://kenesh.kg/ru/article/show/11322/zakonoproekti-rassmotrennie-26-oktyabrya-2023-goda-i-vnesennie-na-golosovanie
14,http://kenesh.kg/ru/article/show/11321/zakonoproekti-rassmotrennie-25-oktyabrya-2023-goda-i-vnesennie-na-golosovanie
15,http://kenesh.kg/ru/article/show/11268/zakonoproekti-rassmotrennie-19-oktyabrya-2023-goda-i-vnesennie-na-golosovanie
16,http://kenesh.kg/ru/article/show/11254/zakonoproekti-rassmotrennie-18-oktyabrya-2023-goda-i-vnesennie-na-golosovanie
17,http://kenesh.kg/ru/article/show/11215/zakonoproekti-rassmotrennie-11-oktyabrya-2023-goda-i-vnesennie-na-golosovanie
18,http://kenesh.kg/ru/article/show/11188/zakonoproekti-rassmotrennie-5-oktyabrya-2023-goda-i-vnesennie-na-golosovanie
19,http://kenesh.kg/ru/article/show/11185/zakonoproekti-rassmotrennie-4-oktyabrya-2023-goda-i-vnesennie-na-golosovanie
20,http://kenesh.kg/ru/article/show/11138/zakonoproekti-rassmotrennie-28-sentyabrya-2023-goda-i-vnesennie-na-golosovanie
21,http://kenesh.kg/ru/article/show/11137/zakonoproekti-rassmotrennie-27-sentyabrya-2023-goda-i-vnesennie-na-golosovanie
22,http://kenesh.kg/ru/article/show/11121/zakonoproekti-rassmotrennie-21-sentyabrya-2023-goda-i-vnesennie-na-golosovanie
23,http://kenesh.kg/ru/article/show/11120/zakonoproekti-rassmotrennie-20-sentyabrya-2023-goda-i-vnesennie-na-golosovanie
24,http://kenesh.kg/ru/article/show/11090/zakonoproekti-rassmotrennie-14-sentyabrya-2023-goda-i-vnesennie-na-golosovanie
25,http://kenesh.kg/ru/article/show/11089/zakonoproekti-rassmotrennie-13-sentyabrya-2023-goda-i-vnesennie-na-golosovanie
26,http://kenesh.kg/ru/article/show/11075/zakonoproekti-rassmotrennie-6-sentyabrya-2023-goda-i-vnesennie-na-golosovanie
27,http://kenesh.kg/ru/article/show/10909/zakonoproekti-rassmotrennie-29-iyunya-2023-goda-i-vnesennie-na-golosovanie
28,http://kenesh.kg/ru/article/show/10857/zakonoproekti-rassmotrennie-22-iyunya-2023-goda-i-vnesennie-na-golosovanie
29,http://kenesh.kg/ru/article/show/10856/zakonoproekti-rassmotrennie-21-iyunya-2023-goda-i-vnesennie-na-golosovanie
30,http://kenesh.kg/ru/article/show/10842/zakonoproekti-rassmotrennie-15-iyunya-2023-goda-i-vnesennie-na-golosovanie
31,http://kenesh.kg/ru/article/show/10841/zakonoproekti-rassmotrennie-14-iyunya-2023-goda-i-vnesennie-na-golosovanie
32,http://kenesh.kg/ru/article/show/10822/zakonoproekti-rassmotrennie-8-iyunya-2023-goda-i-vnesennie-na-golosovanie
33,http://kenesh.kg/ru/article/show/10821/zakonoproekti-rassmotrennie-7-iyunya-2023-goda-i-vnesennie-na-golosovanie
34,http://kenesh.kg/ru/article/show/10756/zakonoproekti-rassmotrennie-1-iyunya-2023-goda-i-vnesennie-na-golosovanie
35,http://kenesh.kg/ru/article/show/10755/zakonoproekti-rassmotrennie-31-maya-2023-goda-i-vnesennie-na-golosovanie
36,http://kenesh.kg/ru/article/show/10732/zakonoproekti-rassmotrennie-25-maya-2023-goda-i-vnesennie-na-golosovanie
37,http://kenesh.kg/ru/article/show/10728/zakonoproekti-rassmotrennie-24-maya-2023-goda-i-vnesennie-na-golosovanie
38,http://kenesh.kg/ru/article/show/10699/zakonoproekti-rassmotrennie-17-maya-2023-goda-i-vnesennie-na-golosovanie
39,http://kenesh.kg/ru/article/show/10649/zakonoproekti-rassmotrennie-10-maya-2023-goda-i-vnesennie-na-golosovanie
40,http://kenesh.kg/ru/article/show/10628/zakonoproekti-rassmotrennie-3-maya-2023-goda-i-vnesennie-na-golosovanie
41,http://kenesh.kg/ru/article/show/10567/zakonoproekti-rassmotrennie-27-aprelya-2023-goda-i-vnesennie-na-golosovanie
42,http://kenesh.kg/ru/article/show/10546/zakonoproekti-rassmotrennie-20-aprelya-2023-goda-i-vnesennie-na-golosovanie
43,http://kenesh.kg/ru/article/show/10545/zakonoproekti-rassmotrennie-19-aprelya-2023-goda-i-vnesennie-na-golosovanie
44,http://kenesh.kg/ru/article/show/10505/zakonoproekti-rassmotrennie-13-aprelya-2023-goda-i-vnesennie-na-golosovanie
45,http://kenesh.kg/ru/article/show/10503/zakonoproekti-rassmotrennie-12-aprelya-2023-goda-i-vnesennie-na-golosovanie
46,http://kenesh.kg/ru/article/show/10485/zakonoproekti-rassmotrennie-6-aprelya-2023-goda-i-vnesennie-na-golosovanie
47,http://kenesh.kg/ru/article/show/10483/zakonoproekti-rassmotrennie-5-aprelya-2023-goda-i-vnesennie-na-golosovanie
48,http://kenesh.kg/ru/article/show/10430/zakonoproekti-rassmotrennie-16-marta-2023-goda-i-vnesennie-na-golosovanie
49,http://kenesh.kg/ru/article/show/10429/zakonoproekti-rassmotrennie-15-marta-2023-goda-i-vnesennie-na-golosovanie
50,http://kenesh.kg/ru/article/show/10383/zakonoproekti-rassmotrennie-9-marta-2023-goda-i-vnesennie-na-golosovanie
51,http://kenesh.kg/ru/article/show/10330/zakonoproekti-rassmotrennie-2-marta-2023-goda-i-vnesennie-na-golosovanie
52,http://kenesh.kg/ru/article/show/10329/zakonoproekti-rassmotrennie-1-marta-2023-goda-i-vnesennie-na-golosovanie
53,http://kenesh.kg/ru/article/show/10314/zakonoproekti-rassmotrennie-22-fevralya-2023-goda-i-vnesennie-na-golosovanie
54,http://kenesh.kg/ru/article/show/10271/zakonoproekti-rassmotrennie-16-fevralya-2023-goda-i-vnesennie-na-golosovanie
55,http://kenesh.kg/ru/article/show/10270/zakonoproekti-rassmotrennie-15-fevralya-2023-goda-i-vnesennie-na-golosovanie
56,http://kenesh.kg/ru/article/show/10196/zakonoproekti-rassmotrennie-9-fevralya-2023-goda-i-vnesennie-na-golosovanie
57,http://kenesh.kg/ru/article/show/10195/zakonoproekti-rassmotrennie-8-fevralya-2023-goda-i-vnesennie-na-golosovanie
58,http://kenesh.kg/ru/article/show/10162/zakonoproekti-rassmotrennie-2-fevralya-2023-goda-i-vnesennie-na-golosovanie
59,http://kenesh.kg/ru/article/show/10161/zakonoproekti-rassmotrennie-1-fevralya-2023-goda-i-vnesennie-na-golosovanie
60,http://kenesh.kg/ru/article/show/10143/zakonoproekti-rassmotrennie-26-yanvarya-2023-goda-i-vnesennie-na-golosovanie
61,http://kenesh.kg/ru/article/show/10142/zakonoproekti-rassmotrennie-25-yanvarya-2023-goda-i-vnesennie-na-golosovanie
62,http://kenesh.kg/ru/article/show/10110/zakonoproekti-rassmotrennie-19-yanvarya-2023-goda-i-vnesennie-na-golosovanie
63,http://kenesh.kg/ru/article/show/10109/zakonoproekti-rassmotrennie-18-yanvarya-2023-goda-i-vnesennie-na-golosovanie
64,http://kenesh.kg/ru/article/show/10014/zakonoproekti-rassmotrennie-12-yanvarya-2023-goda-i-vnesennie-na-golosovanie
65,http://kenesh.kg/ru/article/show/10013/zakonoproekti-rassmotrennie-11-yanvarya-2023-goda-i-vnesennie-na-golosovanie
66,http://kenesh.kg/ru/article/show/9968/zakonoproekti-rassmotrennie-29-dekabrya-2022-goda-i-vnesennie-na-golosovanie
67,http://kenesh.kg/ru/article/show/9967/zakonoproekti-rassmotrennie-28-dekabrya-2022-goda-i-vnesennie-na-golosovanie
68,http://kenesh.kg/ru/article/show/9872/zakonoproekti-rassmotrennie-22-dekabrya-2022-goda-i-vnesennie-na-golosovanie
69,http://kenesh.kg/ru/article/show/9871/zakonoproekti-rassmotrennie-21-dekabrya-2022-goda-i-vnesennie-na-golosovanie
70,http://kenesh.kg/ru/article/show/9837/zakonoproekti-rassmotrennie-15-dekabrya-2022-goda-i-vnesennie-na-golosovanie
71,http://kenesh.kg/ru/article/show/9835/zakonoproekti-rassmotrennie-14-dekabrya-2022-goda-i-vnesennie-na-golosovanie
72,http://kenesh.kg/ru/article/show/9806/zakonoproekti-rassmotrennie-8-dekabrya-2022-goda-i-vnesennie-na-golosovanie
73,http://kenesh.kg/ru/article/show/9805/zakonoproekti-rassmotrennie-7-dekabrya-2022-goda-i-vnesennie-na-golosovanie
74,http://kenesh.kg/ru/article/show/9789/zakonoproekti-rassmotrennie-1-dekabrya-2022-goda-i-vnesennie-na-golosovanie
75,http://kenesh.kg/ru/article/show/9788/zakonoproekti-rassmotrennie-30-noyabrya-2022-goda-i-vnesennie-na-golosovanie
76,http://kenesh.kg/ru/article/show/9757/zakonoproekti-rassmotrennie-24-noyabrya-2022-goda-i-vnesennie-na-golosovanie
77,http://kenesh.kg/ru/article/show/9756/zakonoproekti-rassmotrennie-23-noyabrya-2022-goda-i-vnesennie-na-golosovanie
78,http://kenesh.kg/ru/article/show/9709/zakonoproekti-rassmotrennie-17-noyabrya-2022-goda-i-vnesennie-na-golosovanie
79,http://kenesh.kg/ru/article/show/9708/zakonoproekti-rassmotrennie-16-noyabrya-2022-goda-i-vnesennie-na-golosovanie
80,http://kenesh.kg/ru/article/show/9687/zakonoproekti-rassmotrennie-3-noyabrya-2022-goda-i-vnesennie-na-golosovanie
81,http://kenesh.kg/ru/article/show/9686/zakonoproekti-rassmotrennie-2-noyabrya-2022-goda-i-vnesennie-na-golosovanie
82,http://kenesh.kg/ru/article/show/9598/zakonoproekti-rassmotrennie-27-oktyabrya-2022-goda-i-vnesennie-na-golosovanie
83,http://kenesh.kg/ru/article/show/9594/zakonoproekti-rassmotrennie-26-oktyabrya-2022-goda-i-vnesennie-na-golosovanie
